from,to
adam,conventions
adam,edc-build
adam,sap
adam,tlf-shells
central-lab,lab-transfers
central-lab,vendors
conventions,glossary
conventions,hub
conventions,roles
csr-plan,db-lock
csr-plan,hub
csr-plan,milestones
csr-plan,sap
csr-plan,tlf-shells
data-transfers,db-lock
data-transfers,dmp
data-transfers,lab-transfers
data-transfers,lessons
data-transfers,vendors
db-lock,dmp
db-lock,hub
db-lock,interim
db-lock,milestones
db-lock,tlf-shells
dmp,ecrf
dmp,edc-build
dmp,edit-checks
dmp,hub
drug-supply,randomization
drug-supply,vendors
dsmb,hub
dsmb,interim
dsmb,risk-signals
ecrf,edc-build
ecrf,protocol
ecrf,schedule
edc-build,edit-checks
glossary,hub
hub,lessons
hub,milestones
hub,monitoring
hub,protocol
hub,randomization
hub,roles
hub,sap
hub,tlf-shells
hub,vendors
interim,milestones
interim,sap
lab-transfers,pk-sampling
lessons,monitoring
monitoring,protocol
monitoring,risk-signals
pk-sampling,sap
pk-sampling,schedule
protocol,randomization
protocol,sap
protocol,schedule
sap,tlf-shells
